Flow_ID,Proto,Min_Port,Max_Port,Duration_s,Total_Packets,Total_Bytes,Packets_AB,Packets_BA,Bytes_AB,Bytes_BA,Direction_Ratio,Packet_Rate_pps,Byte_Rate_Bps,Pkt_Len_Min,Pkt_Len_Max,Pkt_Len_Mean,Pkt_Len_Std,Pkt_Len_Skew,Pkt_Len_Kurtosis,IAT_Min,IAT_Max,IAT_Mean,IAT_Std,IAT_Skew,IAT_Kurtosis,Label,Source_PCAP
451264385179504,6,80,44067,0.14104509353637695,10,1357,5,5,505,852,0.5,70.89931134272955,9621.036549208398,66.0,580.0,135.7,156.08718717434817,2.26480518842305,3.6088629726724752,3.814697265625e-06,0.046298980712890625,0.01567167705959744,0.021293466381606067,0.6994205317147597,-1.4997123844124964,1,spotify1.pcap
9793432001131218,17,57621,57621,590.3351290225983,21,1806,21,0,1806,0,1.0,0.03557301432284595,3.059279231764752,86.0,86.0,86.0,0.0,,,20.10094904899597,30.050595998764038,29.516756451129915,2.1601857892040353,-4.129155099823401,15.050928084603093,1,spotify1.pcap
2687667094618667,6,443,36085,194.90994381904602,14,987,6,8,396,591,0.42857142857142855,0.07182804389394094,5.063877094522836,66.0,129.0,70.5,16.224980739587952,3.3282011773513744,9.076923076923077,4.1961669921875e-05,45.0944299697876,14.993072601465078,20.39362624234567,0.7411208014562005,-1.3700100988512816,1,spotify1.pcap
9589408543013146,6,443,37414,263.3363537788391,15,852,8,7,432,420,0.5333333333333333,0.05696137196688623,3.2354059277191376,54.0,60.0,56.8,2.9933259094191533,0.13363062095621495,-1.9821428571428572,7.581710815429688e-05,45.02882480621338,18.809739555631364,21.686654071480266,0.30835298551350826,-1.8828202176426838,1,spotify1.pcap
2175150183685601,6,4070,40594,601.3364970684052,1138,2048084,568,570,219887,1828197,0.4991212653778559,1.8924512407743423,3405.886737267204,66.0,34854.0,1799.7223198594024,3259.1713962338745,4.130154801645344,24.988469583337764,1.9073486328125e-06,60.08650803565979,0.5288799446511918,4.822878204476721,10.713842888387147,117.55459004068545,1,spotify1.pcap
4678734942892553,6,443,52709,59.78631401062012,8,591,3,5,198,393,0.375,0.133809888306192,9.885205498619934,66.0,129.0,73.875,20.83529157463365,2.267786838055363,3.1428571428571432,4.410743713378906e-05,45.03049612045288,8.540902001517159,15.73248780195583,1.6772633150665222,1.1990771316833246,1,spotify1.pcap
4196302229882156,6,80,53442,13.877602100372314,182,415495,89,93,6285,409210,0.489010989010989,13.114657610417957,29939.970680442908,66.0,8094.0,2282.9395604395604,2575.9018993836235,0.609554946490855,-1.2176270800895221,1.9073486328125e-06,10.000799179077148,0.07667183480868682,0.784600585821092,11.65056226298224,140.48921008559807,1,spotify1.pcap
4686101287332326,6,443,56870,59.78799796104431,8,591,3,5,198,393,0.375,0.1338061195026552,9.884927078258652,66.0,129.0,73.875,20.83529157463365,2.267786838055363,3.1428571428571432,2.9087066650390625e-05,45.01732087135315,8.541142565863472,15.72379101612455,1.6782793983681352,1.202016380357601,1,spotify1.pcap
1286897000057641,6,443,40499,50.02073693275452,9,647,4,5,264,383,0.4444444444444444,0.1799253779907155,12.934635506665881,66.0,119.0,71.88888888888889,16.656293067949786,2.4748737341529172,4.125000000000003,2.9802322387695312e-05,45.005290031433105,6.252592116594315,14.726850132184929,2.2214350756224905,3.0171062491284673,1,spotify1.pcap
5779389046149773,6,80,50989,240.16238379478455,21,1889,11,10,1052,837,0.5238095238095238,0.08744083760404465,7.865511534954302,66.0,384.0,89.95238095238095,74.88561193769767,3.201581930819952,8.999205373575814,3.0040740966796875e-05,45.068352937698364,12.008119189739228,19.331215596402966,1.0802959607762126,-0.7656489328218603,1,spotify1.pcap
2519634142980974,6,443,34384,130.23126101493835,350,645248,165,185,23151,622097,0.4714285714285714,2.687526767938251,4954.632205596058,66.0,11151.0,1843.5657142857142,2365.468279817865,1.3638634298361947,1.1235264576300903,0.0,45.031270027160645,0.37315547568750246,3.7594868216366364,10.99319083372853,121.92551773571911,1,spotify1.pcap
7830154034177833,6,443,34385,130.23186016082764,263,428659,117,146,15134,413525,0.4448669201520912,2.019475109049449,3291.506390760562,66.0,8094.0,1629.8821292775665,2109.536718954187,1.3539782387268586,0.7663077378616885,1.9073486328125e-06,45.0094780921936,0.49706816855277725,4.3317688725069,9.481591835546594,90.22384355489503,1,spotify1.pcap
7602258851395455,6,443,34386,130.23165798187256,256,415600,113,143,14870,400730,0.44140625,1.9657278726777296,3191.2363433002515,66.0,9432.0,1623.4375,1981.2016979522175,1.2998164783274895,1.1027494995408906,0.0,45.03124713897705,0.5107123842426374,4.390577238484157,9.35059092447103,87.70714969977041,1,spotify1.pcap
3424407341219645,6,443,34387,130.22887206077576,289,473018,127,162,16167,456851,0.43944636678200694,2.2191699538419427,3632.2053052816887,66.0,9432.0,1636.7404844290656,2024.0522918285762,1.2540567506346145,0.7392070811739133,9.5367431640625e-07,45.047120094299316,0.4521835835443603,4.134975643409692,9.958208273116139,99.73601751795887,1,spotify1.pcap
4624648510799315,6,443,34388,130.22878789901733,326,597081,141,185,19702,577379,0.4325153374233129,2.5032867560188654,4584.8618391733135,66.0,9432.0,1831.5368098159508,2124.705029732119,1.1230881721875943,0.42075763349450845,2.86102294921875e-06,45.03125190734863,0.4007039627662072,3.894959650171263,10.595252980690626,113.14883102875018,1,spotify1.pcap
6588901277943345,6,443,47591,300.2570629119873,34,9069,18,16,2147,6922,0.5294117647058824,0.11323630381999118,30.204118804220588,54.0,2296.0,266.7352941176471,487.1825547938901,2.853965829728997,7.651470129809818,4.0531158447265625e-06,45.09425902366638,9.098698876120828,17.68501024391309,1.4670304636771965,0.21181897458526633,1,spotify1.pcap
3589667977917991,6,443,34390,130.21273708343506,242,430414,106,136,14408,416006,0.4380165289256198,1.8584971441383356,3305.4677264345355,66.0,16122.0,1778.5702479338843,2369.974489266914,1.9074302722394403,5.434105628559095,9.5367431640625e-07,45.031248807907104,0.5403018136242118,4.514789898695013,9.081130292292224,82.62383473948685,1,spotify1.pcap
9120948628647894,6,80,53451,15.271440029144287,481,1145998,229,252,15998,1130000,0.4760914760914761,31.49670228099322,75041.90815096397,66.0,29502.0,2382.5322245322245,3330.2173084840356,3.320228299048021,19.45301369126992,0.0,10.00081205368042,0.03181550006071727,0.48567202064791043,18.890645074332966,373.34792491907336,1,spotify1.pcap
1788233270764523,6,80,46678,127.83723616600037,15,1775,8,7,971,804,0.5333333333333333,0.11733670446787557,13.884843362031942,66.0,501.0,118.33333333333333,131.61239387771283,2.2408953279840147,3.1829074495716476,3.814697265625e-06,45.09749913215637,9.131231154714312,16.568574720638836,1.4773737349606504,0.3995145229617778,1,spotify1.pcap
7788173062612529,6,5228,60044,585.7661950588226,28,1848,14,14,924,924,0.5,0.04780064168296404,3.1548423510756263,66.0,66.0,66.0,0.0,,,0.037979841232299805,45.01805806159973,21.695044261437875,22.474440401766035,0.07412493167816603,-1.9945054943503238,1,spotify1.pcap
7222042459985814,6,443,34045,249.89891409873962,47,25561,23,24,2698,22863,0.48936170212765956,0.18807604734700625,102.28535843057078,60.0,3777.0,543.8510638297872,743.2021854490976,1.9949211294297737,5.175111566179625,9.5367431640625e-07,45.08579611778259,5.432585089103036,14.057875237407112,2.3878002295939598,3.8671959362215818,1,spotify1.pcap
1940475540745038,6,443,56180,129.84707689285278,42,21214,20,22,2050,19164,0.47619047619047616,0.3234574162547961,163.37680067688677,60.0,1404.0,505.0952380952381,590.9171567722505,0.7806596476784404,-1.2881526365818798,3.0994415283203125e-06,45.03126907348633,3.167001875435434,10.624383391145534,3.3499169191738907,9.722659632166494,1,spotify1.pcap
3178824191023374,6,443,56181,129.8470859527588,42,21774,20,22,2050,19724,0.47619047619047616,0.32345739368598936,167.6895545266365,60.0,1404.0,518.4285714285714,596.6485023647924,0.7091653311532472,-1.4031719126617452,3.0994415283203125e-06,45.03126502037048,3.167002096408751,10.624057067521166,3.34985466465478,9.72216764502509,1,spotify1.pcap
9898096820820195,6,443,33265,249.61953496932983,37,12958,20,17,5785,7173,0.5405405405405406,0.1482255785972284,51.91100128278069,60.0,1404.0,350.2162162162162,477.7395046797249,1.363358655607255,0.17659665311660477,7.152557373046875e-06,45.062252044677734,6.933875971370274,15.518126257815416,1.9890553959046477,2.0766852166774497,1,spotify1.pcap
7193167813681323,6,443,33266,245.90352201461792,28,5753,15,13,3587,2166,0.5357142857142857,0.11386579488819001,23.395354213991325,60.0,1404.0,205.46428571428572,337.93093991681377,2.608264826804984,5.628739493143241,8.106231689453125e-06,45.0310320854187,9.107537852393257,17.36413913057483,1.531739708554426,0.44074282416228794,1,spotify1.pcap
2871805606526594,6,443,60636,194.91772198677063,14,987,6,8,396,591,0.42857142857142855,0.07182517760468288,5.063675021130142,66.0,129.0,70.5,16.224980739587952,3.3282011773513744,9.076923076923077,6.29425048828125e-05,45.03121900558472,14.993670922059279,20.383770841435478,0.7407435151738082,-1.3703745777338003,1,spotify1.pcap
7281133552102133,6,443,40186,194.8511838912964,14,987,6,8,396,591,0.42857142857142855,0.07184970458178136,5.065404173015586,66.0,129.0,70.5,16.224980739587952,3.3282011773513744,9.076923076923077,6.413459777832031e-05,45.03050708770752,14.988552607022799,20.383425785837026,0.7414980812820896,-1.3696514902274288,1,spotify1.pcap
9754345452629865,6,443,59424,194.84403681755066,14,987,6,8,396,591,0.42857142857142855,0.07185234010065913,5.065589977096469,66.0,129.0,70.5,16.224980739587952,3.3282011773513744,9.076923076923077,6.389617919921875e-05,45.031229972839355,14.988002832119282,20.384901590102903,0.7414955023921482,-1.3696543976324864,1,spotify1.pcap
5150276922723482,6,443,44768,194.97268891334534,14,987,6,8,396,591,0.42857142857142855,0.07180492856731453,5.062247463995675,66.0,129.0,70.5,16.224980739587952,3.3282011773513744,9.076923076923077,6.389617919921875e-05,45.030704975128174,14.99789914718041,20.383398707022625,0.7401529395236038,-1.3709422327673657,1,spotify1.pcap
2610717932647309,6,443,60370,21.067532062530518,8,553,4,4,264,289,0.5,0.37973123649486845,26.248921722707784,60.0,97.0,69.125,10.717246614686069,2.1036561718408064,2.7916476650964954,4.0531158447265625e-06,14.835275888442993,3.0096474375043596,5.260211780040745,1.5217939607377142,0.7393297316662966,1,spotify1.pcap
5049878682111126,6,443,36376,31.065491914749146,8,559,4,4,264,295,0.5,0.2575204674676918,17.994242664304963,66.0,97.0,69.875,10.252286330375288,2.2677868380553634,3.1428571428571432,2.1457672119140625e-06,29.834343910217285,4.437927416392735,10.374416726750523,2.0360610682597993,2.1550820109193696,1,spotify1.pcap
5687634107318496,6,443,33604,261.12433910369873,17,1151,9,8,570,581,0.5294117647058824,0.06510308483059059,4.407861802353516,54.0,119.0,67.70588235294117,13.389041638076982,3.179639855140288,9.800765642352765,1.4066696166992188e-05,45.01952600479126,16.32027119398117,21.133386825234588,0.5444447971788812,-1.673101523395482,1,spotify1.pcap
143327519949819,6,443,39973,194.8458731174469,14,987,6,8,396,591,0.42857142857142855,0.07185166293751187,5.065542237094587,66.0,129.0,70.5,16.224980739587952,3.3282011773513744,9.076923076923077,6.29425048828125e-05,45.03120398521423,14.988144085957455,20.384451128559327,0.7415753076893606,-1.369577550278872,1,spotify1.pcap
1419790835128414,6,443,44675,194.83161807060242,14,987,6,8,396,591,0.42857142857142855,0.07185692003505677,5.065912862471502,66.0,129.0,70.5,16.224980739587952,3.3282011773513744,9.076923076923077,6.389617919921875e-05,45.03064799308777,14.987047543892494,20.384019245888144,0.7417471386648354,-1.3694132843474722,1,spotify1.pcap
8939379347353412,6,443,34875,20.937851905822754,8,565,4,4,264,301,0.5,0.38208313039864533,26.984621084404328,66.0,103.0,70.625,12.236599813673731,2.2677868380553634,3.1428571428571432,1.0013580322265625e-05,14.95806097984314,2.991121700831822,5.1654381275820676,1.6675112716594649,1.183977244286285,1,spotify1.pcap
7908332046582537,6,443,42951,20.96124505996704,8,565,4,4,264,301,0.5,0.381656718248996,26.95450572633534,66.0,103.0,70.625,12.236599813673731,2.2677868380553634,3.1428571428571432,7.891654968261719e-05,14.67366909980774,2.9944635799952914,5.053436149205289,1.6516359001233785,1.1481805491122188,1,spotify1.pcap
1892956865225409,6,443,50896,586.1228399276733,28,1848,14,14,924,924,0.5,0.04777155587974555,3.1529226880632057,66.0,66.0,66.0,0.0,,,0.07152199745178223,45.10034990310669,21.708253330654568,22.449737126557235,0.07412671904034326,-1.9945018157863328,1,spotify1.pcap
1849269256934795,6,443,58597,260.16651010513306,15,990,8,7,528,462,0.5333333333333333,0.05765538383068026,3.805255332824897,66.0,66.0,66.0,0.0,,,2.8133392333984375e-05,45.12399411201477,18.583322150366648,21.539925062190697,0.3269946031425671,-1.8540929475840087,1,spotify1.pcap
2600444331063439,6,443,58511,19.78526020050049,8,565,4,4,264,301,0.5,0.4043414096620085,28.55661205737935,66.0,103.0,70.625,12.236599813673731,2.2677868380553634,3.1428571428571432,8.20159912109375e-05,14.32927680015564,2.826465742928641,4.992605660217317,1.6409658869380301,1.0953984250832045,1,spotify1.pcap
3604000059344404,6,443,44640,194.9293909072876,14,987,6,8,396,591,0.42857142857142855,0.0718208779847811,5.063371897927067,66.0,129.0,70.5,16.224980739587952,3.3282011773513744,9.076923076923077,6.008148193359375e-05,45.03049898147583,14.994568531329815,20.386293637107794,0.740134915610283,-1.3709607970194815,1,spotify1.pcap
5352229907831556,6,443,52830,19.98613214492798,8,604,3,5,198,406,0.375,0.4002775495522887,30.2209549911978,66.0,111.0,75.5,16.822603841260722,1.300543826351258,-0.1113768744771444,3.0994415283203125e-06,19.70811414718628,2.855161734989711,6.880455881056501,2.0409094630226563,2.165941847644558,1,spotify1.pcap
9275351417618079,6,443,50021,166.59053111076355,13,865,7,6,438,427,0.5384615384615384,0.0780356477245186,5.192371944746815,54.0,97.0,66.53846153846153,9.787082417580876,1.995658670472186,4.633003691062928,7.104873657226562e-05,45.01851296424866,13.882544259230295,19.89493418902444,0.7892444823047885,-1.293942332065333,1,spotify1.pcap
8713534838533055,6,443,52588,104.84809494018555,10,723,4,6,264,459,0.4,0.09537607722586536,6.895690383430066,66.0,129.0,72.3,18.900000000000002,2.666666666666667,5.111111111111111,2.7894973754882812e-05,45.031075954437256,11.649788326687283,18.408349132139143,1.157358475239444,-0.49067505224971475,1,spotify1.pcap
6090159407501914,6,443,42162,194.86056804656982,14,987,6,8,396,591,0.42857142857142855,0.07184624442157088,5.065160231720747,66.0,129.0,70.5,16.224980739587952,3.3282011773513744,9.076923076923077,4.601478576660156e-05,45.031059980392456,14.989274465120756,20.386498558635815,0.7408881504113375,-1.370236935510148,1,spotify1.pcap
4961993013759675,6,80,41706,10.333393096923828,88,137564,44,44,3130,134434,0.5,8.51607977888666,13312.568167076868,66.0,21474.0,1563.2272727272727,3491.00995326591,3.8523560775671712,15.557789323894571,5.0067901611328125e-06,10.07894515991211,0.11877463329797504,1.0740809451760756,9.164527343430635,81.99639461551219,1,spotify1.pcap
4721309818451675,6,80,43208,452.2686870098114,9748,18626715,4459,5289,310874,18315841,0.4574271645465737,21.553559377389593,41185.06439866777,66.0,25488.0,1910.8242716454658,2593.416225385677,2.4468699388943316,9.708617695082552,0.0,241.4661259651184,0.04640080917305955,3.07478970090014,71.60482171915127,5208.446314648295,1,spotify1.pcap
860059523501943,6,443,47554,218.80036687850952,15,1019,8,7,504,515,0.5333333333333333,0.0685556437312962,4.657213397479389,54.0,119.0,67.93333333333334,14.23828953522469,2.9487760963949836,8.153864612912031,6.9141387939453125e-06,45.026663064956665,15.628597634179252,20.998970782825705,0.6123949801216998,-1.6055116621073235,1,spotify1.pcap
1734287653055687,6,443,40949,167.01031684875488,13,887,7,6,438,449,0.5384615384615384,0.07783950264445547,5.311049141971692,54.0,119.0,68.23076923076923,15.272669637945507,2.6987622820599793,6.509206824680854,7.152557373046875e-06,45.01855492591858,13.917526404062906,19.924013814379542,0.7846478920782544,-1.3046815064486401,1,spotify1.pcap
4050614124047457,6,443,33158,166.8557710647583,13,887,7,6,438,449,0.5384615384615384,0.07791159944329751,5.315968362015761,54.0,119.0,68.23076923076923,15.272669637945507,2.6987622820599793,6.509206824680854,8.106231689453125e-06,45.02693295478821,13.904647588729858,19.921710923384936,0.786053110510074,-1.3013927158508771,1,spotify1.pcap
1647572048020571,17,138,138,552.011684179306,12,2837,12,0,2837,0,1.0,0.021738670292533385,5.139383968326434,233.0,274.0,236.41666666666666,11.331801367047618,3.015113445777637,7.090909090909095,1.6957900524139404,192.08888721466064,50.18288037993691,66.72469542492973,0.9003878402207808,-0.7021933061958161,1,spotify1.pcap
5631373524879436,6,443,59057,211.25099396705627,15,1019,8,7,504,515,0.5333333333333333,0.07100558306645974,4.823645942981498,54.0,119.0,67.93333333333334,14.23828953522469,2.9487760963949836,8.153864612912031,5.9604644775390625e-06,45.024827003479004,15.089356711932592,20.492852029960943,0.6681111282249779,-1.4857369019766569,1,spotify1.pcap
2521693380552398,6,443,35495,149.89832282066345,12,855,5,7,330,525,0.4166666666666667,0.08005426461213082,5.703866353614321,66.0,129.0,71.25,17.41228014936585,3.0151134457776365,7.090909090909092,3.910064697265625e-05,45.03046798706055,13.62712025642395,19.67000730408572,0.8990634413709201,-1.0824074792165481,1,spotify1.pcap
1864286766621622,6,443,34222,30.958425998687744,6,396,3,3,198,198,0.5,0.19380830279466812,12.791347984448096,66.0,66.0,66.0,0.0,,,0.03648805618286133,30.195782899856567,6.191685199737549,12.004234347275903,1.498643806375782,0.24816225819405524,1,spotify1.pcap
6960990486194500,6,443,35497,149.81959795951843,12,855,5,7,330,525,0.4166666666666667,0.08009633027611264,5.706863532173026,66.0,129.0,71.25,17.41228014936585,3.0151134457776365,7.090909090909092,6.413459777832031e-05,45.030460834503174,13.619963450865312,19.669610548329636,0.9002010736430448,-1.0809563666404334,1,spotify1.pcap
2240018210930205,6,443,49240,149.86339402198792,12,855,5,7,330,525,0.4166666666666667,0.08007292293299699,5.705195758976036,66.0,129.0,71.25,17.41228014936585,3.0151134457776365,7.090909090909092,2.7894973754882812e-05,45.03052997589111,13.62394491108981,19.66985030921284,0.8995663441595187,-1.0817654472728961,1,spotify1.pcap
927572861500485,6,443,53995,240.1482391357422,43,5353,21,22,2661,2692,0.4883720930232558,0.17905607034534424,22.29039871066576,66.0,583.0,124.48837209302326,109.6542922930067,2.438318395447879,5.806762520357104,1.71661376953125e-05,45.10649299621582,5.717815217517671,14.62476752698562,2.26829669908721,3.244580643151199,1,spotify1.pcap
3326312641053475,6,443,57193,240.1299479007721,44,9662,22,22,3615,6047,0.5,0.1832341212941167,40.23654727144899,66.0,1404.0,219.5909090909091,349.37829967098946,2.6071049057338023,5.491188585623329,8.106231689453125e-06,45.03097105026245,5.584417393041211,14.477147786062007,2.307970783733282,3.4285452829439595,1,spotify1.pcap
3505730032499332,6,443,52956,240.13419389724731,39,4528,19,20,2496,2032,0.48717948717948717,0.16240919032417342,18.856123430457878,66.0,583.0,116.1025641025641,101.1147595992296,3.0709206264586206,10.00576269588566,2.1457672119140625e-06,45.07434797286987,6.319320892032824,15.250613029744164,2.0970789206581872,2.4909501217838477,1,spotify1.pcap
8615660435885126,6,443,56102,135.37609100341797,38,9319,19,19,3000,6319,0.5,0.2806994921949739,68.83785704644636,66.0,1404.0,245.23684210526315,373.8772972239708,2.3762217158804835,4.164134635990157,8.106231689453125e-06,45.08696007728577,3.6588132703626477,12.291617471451888,3.0694550736956483,7.421579534007266,1,spotify1.pcap
2175150183685601,6,4070,40594,540.2419259548187,166,143468,81,85,11211,132257,0.4879518072289157,0.3072697471722749,265.5625065500719,66.0,12108.0,864.2650602409639,1546.6698005430064,3.3823347824159207,16.72686371576474,1.9073486328125e-06,60.07244396209717,3.274193490635265,12.11443511424922,3.9523803346338338,14.427481098720556,1,spotify2.pcap
2902336821146048,6,80,56076,120.1733648777008,38,26393,17,21,1715,24678,0.4473684210526316,0.31620983600377844,219.6243737275717,66.0,4080.0,694.5526315789474,897.8115409257058,1.7017293013117742,3.3079879546300157,7.867813110351562e-06,45.147160053253174,3.2479287804784,11.100850154178485,3.23719399202348,8.78165960157151,1,spotify2.pcap
9178926143862401,6,80,56077,130.17965292930603,98,85200,47,51,4037,81163,0.47959183673469385,0.7528058171519234,654.4801594014681,66.0,6756.0,869.3877551020408,1231.8876972458052,2.487293879101182,7.364157535855812,2.1457672119140625e-06,45.14320778846741,1.3420582776217116,7.067919579797434,5.55903953206572,29.932746826448003,1,spotify2.pcap
7200793643597821,6,80,56078,120.17331409454346,49,29617,23,26,2144,27473,0.46938775510204084,0.40774443452104875,246.4523860655082,66.0,1404.0,604.4285714285714,638.6654772545129,0.42069670592220926,-1.7840412023953245,1.9073486328125e-06,45.031216859817505,2.5036107103029885,9.835573198743687,3.7957465128997847,12.778096349401876,1,spotify2.pcap
9453906891025969,6,80,56079,130.1796579360962,105,108232,53,52,4184,104048,0.5047619047619047,0.8065776302127279,831.4048578398473,66.0,6756.0,1030.7809523809524,1423.6765482099163,1.781811560097406,2.9673068453405715,3.0994415283203125e-06,45.03897786140442,1.251727480154771,6.819967255263913,5.7837517480057015,32.54139336432957,1,spotify2.pcap
4065331566211297,6,80,56080,120.17321705818176,39,21079,20,19,1637,19442,0.5128205128205128,0.32453154666832446,175.40514031337466,66.0,3078.0,540.4871794871794,721.1556207385574,1.4191086159067878,1.6299245629073829,1.9073486328125e-06,45.03117394447327,3.1624530804784676,10.961620118116304,3.2892611397420173,9.124103521343411,1,spotify2.pcap
1199296834716304,6,80,56081,120.17322897911072,39,24953,20,19,1637,23316,0.5128205128205128,0.3245315144754846,207.64192001812225,66.0,4080.0,639.8205128205128,941.9572332769753,1.9737580895058056,3.973682205030382,1.9073486328125e-06,45.03116989135742,3.162453394187124,10.961709747558825,3.2892094291028253,9.12369100919716,1,spotify2.pcap
9793432001131218,17,57621,57621,510.0359470844269,18,1548,18,0,1548,0,1.0,0.03529163013488623,3.035080191600216,86.0,86.0,86.0,0.0,,,30.000646114349365,30.007781982421875,30.00211453437805,0.0015445039507973777,2.7741770079538375,7.784050930978848,1,spotify2.pcap
1892956865225409,6,443,50896,223.78121209144592,19,1347,10,9,636,711,0.5263157894736842,0.08490435735166116,6.019272071194083,54.0,111.0,70.89473684210526,15.389315284662535,1.705115680804654,1.61841869436644,2.86102294921875e-06,45.095767974853516,12.432289560635885,19.996106463455,0.9934123016393657,-1.0114750609146548,1,spotify2.pcap
8615660435885126,6,443,56102,59.73962116241455,8,591,3,5,198,393,0.375,0.13391447492193398,9.892931834857873,66.0,129.0,73.875,20.83529157463365,2.267786838055363,3.1428571428571432,4.9114227294921875e-05,45.026957988739014,8.53423159463065,15.728601311796629,1.6790918784239501,1.2043605701840017,1,spotify2.pcap
7788173062612529,6,5228,60044,495.6579370498657,24,1584,12,12,792,792,0.5,0.04842048962808292,3.195752315453473,66.0,66.0,66.0,0.0,,,0.03797602653503418,45.02194094657898,21.550345089124598,22.46878326027384,0.08703883190495662,-1.9924242362704345,1,spotify2.pcap
1647572048020571,17,138,138,143.88318490982056,5,1206,5,0,1206,0,1.0,0.03475041230935896,8.381799449017382,233.0,274.0,241.2,16.4,1.5000000000000029,0.2500000000000071,1.6416130065917969,136.06998991966248,35.97079622745514,57.800932181646004,1.153669621537429,-0.6674724607524563,1,spotify2.pcap
4721309818451675,6,80,43208,0.03735804557800293,3,198,2,1,132,66,0.6666666666666666,80.30398682757784,5300.063130620138,66.0,66.0,66.0,0.0,,0.0,6.699562072753906e-05,0.03729104995727539,0.018679022789001465,0.018612027168273926,0.0,0.0,1,spotify2.pcap
1038941412499965,6,443,33090,45.181946992874146,28,6372,16,12,4261,2111,0.5714285714285714,0.6197165430789427,141.02977901782228,66.0,1404.0,227.57142857142858,298.87986461016027,2.571890489262126,6.441762660801675,3.814697265625e-06,44.99692702293396,1.673405444180524,8.496449130670005,4.902889325662295,22.03837332336892,1,spotify2.pcap
3177047671452005,6,443,42321,45.32089710235596,51,12012,25,26,3169,8843,0.49019607843137253,1.125308704389014,265.04329719844776,66.0,1404.0,235.52941176470588,339.83914031760804,2.7247018697648606,6.172409932137734,9.059906005859375e-06,44.99934196472168,0.9064179420471191,6.2990050253198016,6.857088866792083,45.01992454566407,1,spotify2.pcap
755471765469877,6,80,41723,10.314171075820923,110,139018,54,56,3790,135228,0.4909090909090909,10.664938480404729,13478.349251535496,66.0,8094.0,1263.8,1833.5015075482804,1.948516745994064,3.1385460223791357,1.9073486328125e-06,10.052813053131104,0.09462542271395342,0.9582739840834367,10.294542594420346,103.98830133363819,1,spotify3.pcap
7978900204966558,6,443,52966,240.14258289337158,39,4529,19,20,2497,2032,0.48717948717948717,0.1624035168194923,18.859628914755916,66.0,583.0,116.12820512820512,101.17848648575281,3.069055075850058,9.985465523377501,9.059906005859375e-06,45.05853080749512,6.319541655088726,15.24956024918886,2.0969056764795955,2.4903313957498963,1,spotify3.pcap
2175150183685601,6,4070,40594,739.7558169364929,2494,6099202,1130,1364,105147,5994055,0.45308740978348033,3.371382749416226,8244.885488374077,66.0,32178.0,2445.550120288693,3851.0316999036477,3.2275779079828384,14.601159542072566,0.0,60.05104994773865,0.2967331796776947,3.5513925832694633,14.229715709112412,214.8290930508942,1,spotify3.pcap
9793432001131218,17,57621,57621,720.0660099983215,25,2150,25,0,2150,0,1.0,0.03471903916150448,2.9858373678893853,86.0,86.0,86.0,0.0,,,29.999737977981567,30.04943585395813,30.00275041659673,0.00976160663610108,4.546893469358867,18.801360307585256,1,spotify3.pcap
1038941412499965,6,443,33090,149.8772361278534,12,855,5,7,330,525,0.4166666666666667,0.08006552769470175,5.7046688482475,66.0,129.0,71.25,17.41228014936585,3.0151134457776365,7.090909090909092,3.600120544433594e-05,45.03013896942139,13.625203284350308,19.669176566747574,0.8994067627218723,-1.0819690153161563,1,spotify3.pcap
3177047671452005,6,443,42321,149.86634707450867,12,855,5,7,330,525,0.4166666666666667,0.08007134513016448,5.70508334052422,66.0,129.0,71.25,17.41228014936585,3.0151134457776365,7.090909090909092,6.29425048828125e-05,45.025328159332275,13.624213370409878,19.664975613182733,0.8998719033308986,-1.0813752456587429,1,spotify3.pcap
7788173062612529,6,5228,60044,716.3263590335846,40,4361,20,20,1320,3041,0.5,0.05584046921568695,6.08800715624027,66.0,489.0,109.025,119.61761732704763,2.601949453606627,5.110942277501719,7.867813110351562e-06,45.07129502296448,18.36734253932268,21.222655721197306,0.3903785319542878,-1.7773856561525663,1,spotify3.pcap
7545267059135631,6,443,44881,240.21157097816467,30,7047,16,14,1879,5168,0.5333333333333333,0.12488990383700964,29.33663841131356,66.0,1404.0,234.9,372.7720796053982,2.4062197427547503,4.428483754778843,1.0013580322265625e-05,45.03052282333374,8.283157619936713,16.979933149863204,1.6564063067306478,0.8228576322151908,1,spotify3.pcap
1386549215945111,6,443,44882,250.07612586021423,32,9722,17,15,3582,6140,0.53125,0.12796103542441764,38.87616207488089,60.0,1404.0,303.8125,453.8434089460262,1.6842149502868848,1.130834979425785,9.059906005859375e-06,45.0304970741272,8.066971801942394,16.489158185290595,1.726521910673348,1.1104648854010906,1,spotify3.pcap
1647572048020571,17,138,138,734.0229179859161,13,3070,13,0,3070,0,1.0,0.017710618676145252,4.18243071813584,233.0,274.0,236.15384615384616,10.925243555434458,3.175426480542941,8.083333333333327,1.8501520156860352,202.15278601646423,61.16857649882635,73.00606686058063,0.6773012529677501,-1.1460368154815743,1,spotify3.pcap
1138577421774695,17,137,137,599.8996391296387,3,276,3,0,276,0,1.0,0.005000836480502863,0.46007695620626343,92.0,92.0,92.0,0.0,,0.0,299.91594910621643,299.98369002342224,299.94981956481934,0.03387045860290527,0.0,0.0,1,spotify3.pcap
2400867128937723,17,137,137,599.8996720314026,3,312,3,0,312,0,1.0,0.005000836206229766,0.5200869654478957,104.0,104.0,104.0,0.0,,0.0,299.91601300239563,299.98365902900696,299.9498360157013,0.03382301330566406,0.0,0.0,1,spotify3.pcap
5810044411883709,6,443,56741,420.6145179271698,180,83857,92,88,35399,48458,0.5111111111111111,0.4279452855956041,199.3678211899476,66.0,2742.0,465.8722222222222,693.6797214097163,1.8621891108173534,2.7533066487481372,3.0994415283203125e-06,45.07280516624451,2.34980177612944,9.50178769145055,4.099656933382973,15.29925988635133,1,spotify3.pcap
4612192689977682,6,443,56742,444.4967529773712,99,16452,46,53,7578,8874,0.46464646464646464,0.22272378670230683,37.01264382652881,66.0,1404.0,166.1818181818182,246.94465758919694,3.8832581927034644,15.263973244053474,9.5367431640625e-07,45.09472608566284,4.5356811528303185,12.66225909728823,2.698319183328433,5.647243658301148,1,spotify3.pcap
2193703659594398,6,135,56800,1.0189950466156006,6,356,3,3,194,162,0.5,5.888154235810926,349.36381799144823,54.0,66.0,59.333333333333336,5.497474167490214,0.15693481619997884,-1.8269896193771622,8.511543273925781e-05,0.5147049427032471,0.20379900932312012,0.24951882127536507,0.4088085504521001,-1.832113521242511,1,spotify3.pcap
4760073274231361,6,135,56801,1.012883186340332,6,356,3,3,194,162,0.5,5.923684074250177,351.4719217388439,54.0,66.0,59.333333333333336,5.497474167490214,0.15693481619997884,-1.8269896193771622,8.416175842285156e-05,0.5147340297698975,0.2025766372680664,0.24805723941098323,0.40965925587934787,-1.830261558062843,1,spotify3.pcap
2671257210908471,6,524,56803,0.998162031173706,6,356,3,3,194,162,0.5,6.011048119056178,356.6555217306666,54.0,66.0,59.333333333333336,5.497474167490214,0.15693481619997884,-1.8269896193771622,8.487701416015625e-05,0.49912595748901367,0.1996324062347412,0.24439308589287,0.4082489141336244,-1.8333319753164747,1,spotify3.pcap
6481994802901470,6,445,56804,15.932440042495728,34,6003,18,16,3233,2770,0.5294117647058824,2.1340108551680506,376.7784459874649,54.0,580.0,176.55882352941177,98.64886963857649,1.9542722372571824,5.904118620716908,2.6941299438476562e-05,15.711052179336548,0.4828012134089614,2.6922126573910665,5.478705329042888,28.021463805850665,1,spotify3.pcap
7975086839854953,6,135,22677,0.9997649192810059,6,356,3,3,194,162,0.5,6.001410815969598,356.0837084141961,54.0,66.0,59.333333333333336,5.497474167490214,0.15693481619997884,-1.8269896193771622,3.790855407714844e-05,0.5000209808349609,0.19995298385620117,0.24482164429084188,0.4082493089985066,-1.8333310974412482,1,spotify3.pcap
213689404899045,6,135,22678,0.9997971057891846,6,356,3,3,194,162,0.5,6.001217612311382,356.072244997142,54.0,66.0,59.333333333333336,5.497474167490214,0.15693481619997884,-1.8269896193771622,5.91278076171875e-05,0.49992799758911133,0.1999594211578369,0.2448130528351277,0.4082486560809943,-1.8333325177626931,1,spotify3.pcap
3711962423118803,6,445,22679,10.907573223114014,33,5885,17,16,3087,2798,0.5151515151515151,3.025420900230161,539.5333938743787,54.0,552.0,178.33333333333334,98.05028600600095,1.662550230993947,4.2208837287873076,1.811981201171875e-05,10.680897951126099,0.3408616632223129,1.8574571332642797,5.385115908493117,27.010852397078164,1,spotify3.pcap
8935709540653868,6,80,41742,10.28331995010376,120,139676,60,60,4186,135490,0.5,11.66938309634032,13582.772944703589,66.0,6756.0,1163.9666666666667,1618.9619304425357,1.7995552305904183,2.5949735596032006,1.9073486328125e-06,10.020529985427856,0.08641445336221647,0.9145536208567908,10.769140083780968,113.98588052799956,1,spotify4.pcap
8628056644348050,6,80,45272,77.43503999710083,8,528,4,4,264,264,0.5,0.1033124022445074,6.818618548137488,66.0,66.0,66.0,0.0,,,0.024753808975219727,45.05518293380737,11.062148571014404,17.20765446700129,1.1195361828867403,-0.5135493066650421,1,spotify4.pcap
3360379877447323,6,80,45266,77.41096091270447,8,528,4,4,264,264,0.5,0.10334453810774312,6.820739515111046,66.0,66.0,66.0,0.0,,,0.024760961532592773,45.031259059906006,11.058708701814924,17.195662140094374,1.1196041028254748,-0.5129445654614084,1,spotify4.pcap
1502222995125897,6,443,39715,84.21153497695923,9,647,4,5,264,383,0.4444444444444444,0.10687371988246566,7.683032973772809,66.0,119.0,71.88888888888889,16.656293067949786,2.4748737341529172,4.125000000000003,1.7881393432617188e-05,45.031233072280884,10.526441872119904,16.26624356414175,1.233865552493211,-0.11221365966624353,1,spotify4.pcap
1818081194057943,6,443,39714,84.21177411079407,9,647,4,5,264,383,0.4444444444444444,0.10687341639613315,7.683011156477572,66.0,119.0,71.88888888888889,16.656293067949786,2.4748737341529172,4.125000000000003,1.0967254638671875e-05,45.031227111816406,10.526471763849258,16.26681135706048,1.2337881780879731,-0.11247822979871192,1,spotify4.pcap
884353329740357,6,443,39716,84.21194314956665,10,713,5,5,330,383,0.5,0.11874800207660877,8.466732548062206,66.0,119.0,71.3,15.9,2.6666666666666674,5.1111111111111125,2.86102294921875e-06,45.031291007995605,9.356882572174072,15.68945603829016,1.4128062553411191,0.3763584803411617,1,spotify4.pcap
243976630298357,6,443,39712,83.95652914047241,9,647,4,5,264,383,0.4444444444444444,0.10719833337728375,7.706369077233621,66.0,119.0,71.88888888888889,16.656293067949786,2.4748737341529172,4.125000000000003,6.4849853515625e-05,45.03133511543274,10.494566142559052,16.276737770125223,1.2388733022990166,-0.10746364146467613,1,spotify4.pcap
6334270408456507,6,443,39711,83.95658493041992,10,713,5,5,330,383,0.5,0.1191091801588598,8.492484545326704,66.0,119.0,71.3,15.9,2.6666666666666674,5.1111111111111125,1.0967254638671875e-05,45.03130292892456,9.328509436713325,15.695434819445001,1.4180157768897104,0.38385855297553606,1,spotify4.pcap
6454455074928244,6,443,39713,83.89252996444702,9,647,4,5,264,383,0.4444444444444444,0.10728011187425301,7.7122480425157445,66.0,119.0,71.88888888888889,16.656293067949786,2.4748737341529172,4.125000000000003,6.389617919921875e-05,45.09516501426697,10.486566245555878,16.276722978646482,1.2432231078593519,-0.0921654777862222,1,spotify4.pcap
3868011095854902,6,443,34493,144.30258107185364,14,819,7,7,378,441,0.5,0.09701836166761894,5.675574157555708,54.0,81.0,58.5,6.87386354243376,2.3692228082764886,5.29251700680272,1.1920928955078125e-05,45.079607009887695,11.100198543988741,18.713670385799364,1.2352051062854001,-0.42126923349982226,1,spotify4.pcap
1749613504442874,6,443,39348,255.03463006019592,17,1125,9,8,570,555,0.5294117647058824,0.06665761428550893,4.411165651246915,54.0,93.0,66.17647058823529,7.73255375301411,1.996049341074818,6.241106770833335,1.1920928955078125e-05,45.10328507423401,15.939664378762245,20.856577510615644,0.5890082958579409,-1.5904293066628152,1,spotify4.pcap
8774607184607588,6,80,43123,258.9708821773529,15,852,8,7,432,420,0.5333333333333333,0.057921569691095395,3.289945158454218,54.0,60.0,56.8,2.9933259094191533,0.13363062095621495,-1.9821428571428572,7.605552673339844e-05,45.079050064086914,18.497920155525208,21.50165034130988,0.33361431560433746,-1.844487902124212,1,spotify4.pcap
980839608639842,6,80,43124,258.9709141254425,15,852,8,7,432,420,0.5333333333333333,0.057921562545569016,3.28994475258832,54.0,60.0,56.8,2.9933259094191533,0.13363062095621495,-1.9821428571428572,1.4066696166992188e-05,45.079123973846436,18.497922437531606,21.501657183471693,0.33361384449796455,-1.8444885695879283,1,spotify4.pcap
4060653242032007,6,443,54627,240.1372640132904,39,4528,19,20,2496,2032,0.48717948717948717,0.16240711394896856,18.855882357972554,66.0,583.0,116.1025641025641,101.1147595992296,3.0709206264586206,10.00576269588566,6.9141387939453125e-06,45.03092002868652,6.319401684560273,15.248882947703521,2.096759881450843,2.489809086775856,1,spotify4.pcap
6472440614145265,6,443,41987,240.12685418128967,43,8389,22,21,2297,6092,0.5116279069767442,0.1790720165247994,34.93570108433819,66.0,1404.0,195.09302325581396,328.83450378808726,3.162528999949659,8.485859305209475,1.9073486328125e-06,45.07100200653076,5.717306051935468,14.62412338421901,2.2674983005451983,3.241476943548683,1,spotify4.pcap
1681435461483472,6,443,46752,240.12744188308716,40,5570,20,20,3711,1859,0.5,0.16657821232891462,23.196016066801363,66.0,852.0,139.25,173.44995675986777,3.1071401454432914,8.587110453401726,9.059906005859375e-06,45.03099608421326,6.157113894438132,15.083175451739336,2.140169574387885,2.675639953780477,1,spotify4.pcap
442381586232556,6,443,58415,240.19560503959656,48,11563,24,24,4565,6998,0.5,0.19983712854399288,48.13993161154562,66.0,1404.0,240.89583333333334,374.26573890214985,2.3944480326769755,4.363751359036639,9.5367431640625e-07,45.05704593658447,5.110544788076522,13.93176022910412,2.4650899393440096,4.185064365350791,1,spotify4.pcap
5908547751009600,6,443,56138,240.20091009140015,66,12310,31,35,3551,8759,0.4696969696969697,0.27476998307327805,51.24876502472807,66.0,1404.0,186.5151515151515,283.97669785027557,3.4659082038854416,11.31957835925797,2.1457672119140625e-06,45.030998945236206,3.6953986167907713,12.06512221421708,3.076082306789363,7.602531395111361,1,spotify4.pcap
4509157146299747,6,443,50632,240.13420796394348,43,8601,21,22,2396,6205,0.4883720930232558,0.1790665326884894,35.81747087566738,66.0,1404.0,200.02325581395348,330.8451818341746,3.0763327157449374,8.08018722904402,5.0067901611328125e-06,45.030845165252686,5.717481141998654,14.621975340647646,2.267076812224865,3.239837085063053,1,spotify4.pcap
2175150183685601,6,4070,40594,1969.3973960876465,458,373573,240,218,38982,334591,0.5240174672489083,0.23255844702031742,189.6889884906573,66.0,13127.0,815.6615720524018,1823.199231534577,3.3641044583143307,12.727980785659406,1.9073486328125e-06,60.052979946136475,4.309403492533144,14.029503623793737,3.3198118627314788,9.559907960569344,1,spotify4.pcap
5471510847447161,6,80,43240,1827.4533100128174,21181,39680899,9548,11633,664192,39016707,0.4507813606534158,11.590446597977072,21713.768982541987,66.0,24150.0,1873.4195269345169,2220.7432431738994,1.7941528135563087,6.9211038311770015,0.0,275.9328598976135,0.0862820259684994,4.246221904011938,51.930178554067055,2811.562843581755,1,spotify4.pcap
9793432001131218,17,57621,57621,1950.837170124054,66,5676,66,0,5676,0,1.0,0.033831629318300846,2.909520121373873,86.0,86.0,86.0,0.0,,,29.999666213989258,30.05091404914856,30.01287954037006,0.01834380454923089,1.164901164701104,-0.5008434363873779,1,spotify4.pcap
1647572048020571,17,138,138,1651.9830400943756,29,6880,29,0,6880,0,1.0,0.017554659640054943,4.164691666330276,233.0,274.0,237.24137931034483,12.48628260411868,2.604237178532571,4.782051282051284,1.7085041999816895,308.07790207862854,58.99939428908484,78.26813425285833,1.4158394723764636,1.5430975434868142,1,spotify4.pcap
7788173062612529,6,5228,60044,1905.3180739879608,89,5940,45,44,3003,2937,0.5056179775280899,0.046711360803772216,3.117589698588842,66.0,99.0,66.74157303370787,4.891010074415801,6.443833370420677,39.52298850574711,4.601478576660156e-05,45.03104209899902,21.651341749863192,22.36878858386691,0.08203516334450586,-1.9856418660794917,1,spotify4.pcap
1138577421774695,17,137,137,1500.0459117889404,6,552,6,0,552,0,1.0,0.003999877572310075,0.3679887366525269,92.0,92.0,92.0,0.0,,,299.6963469982147,300.32827281951904,300.00918235778806,0.24295616506562528,0.08135415992163054,-1.5957599716992712,1,spotify4.pcap
2400867128937723,17,137,137,1500.0459940433502,6,624,6,0,624,0,1.0,0.0039998773529784214,0.4159872447097558,104.0,104.0,104.0,0.0,,,299.6963760852814,300.32825088500977,300.00919880867,0.2429532549375458,0.08150576491611913,-1.5959283971185285,1,spotify4.pcap
118601732710940,6,135,56870,1.019562005996704,6,356,3,3,194,162,0.5,5.884879943260063,349.1695433000971,54.0,66.0,59.333333333333336,5.497474167490214,0.15693481619997884,-1.8269896193771622,2.193450927734375e-05,0.5147581100463867,0.20391240119934081,0.24971733065878612,0.40874526209018125,-1.8322513013869863,1,spotify4.pcap
108565253645631,6,135,56871,1.012850046157837,6,356,3,3,194,162,0.5,5.9238778956080465,351.48342180607744,54.0,66.0,59.333333333333336,5.497474167490214,0.15693481619997884,-1.8269896193771622,3.910064697265625e-05,0.5147609710693359,0.20257000923156737,0.24810311155472445,0.40965103922814433,-1.8302794439973082,1,spotify4.pcap
3505566824762967,6,524,56873,0.9981420040130615,6,356,3,3,194,162,0.5,6.011168727372268,356.6626778240879,54.0,66.0,59.333333333333336,5.497474167490214,0.15693481619997884,-1.8269896193771622,3.886222839355469e-05,0.4991109371185303,0.1996284008026123,0.2444069589941316,0.4082487139867168,-1.8333323680416667,1,spotify4.pcap
5431944318004264,6,445,56874,10.840557098388672,35,6191,18,17,3239,2952,0.5142857142857142,3.2286163600579494,571.0961110033933,54.0,580.0,176.88571428571427,97.0327695541405,1.9920403104737192,6.202276154790914,6.9141387939453125e-06,10.619757890701294,0.3188399146584904,1.7934817273997972,5.567334783294651,29.007344401669904,1,spotify4.pcap
1245376075477439,6,135,22788,0.9998540878295898,6,356,3,3,194,162,0.5,6.000875600783272,356.05195231314076,54.0,66.0,59.333333333333336,5.497474167490214,0.15693481619997884,-1.8269896193771622,5.1021575927734375e-05,0.49991917610168457,0.19997081756591797,0.24482671148120114,0.40824848008077186,-1.8333329012676456,1,spotify4.pcap
8332847593788125,6,135,22789,0.9997899532318115,6,356,3,3,194,162,0.5,6.001260545382615,356.0747923593685,54.0,66.0,59.333333333333336,5.497474167490214,0.15693481619997884,-1.8269896193771622,3.0994415283203125e-05,0.4998199939727783,0.1999579906463623,0.244835522567758,0.4082482711570281,-1.8333333227746738,1,spotify4.pcap
7841977421280655,6,445,22790,14.8299720287323,32,5697,17,15,3081,2616,0.53125,2.1577923368973093,384.1544669782491,54.0,552.0,178.03125,99.78492007030671,1.628184864270133,3.9733627228552093,1.5974044799804688e-05,14.617056131362915,0.4783861944752355,2.58160109026316,5.293054382264263,26.022345276094043,1,spotify4.pcap
8317745126337283,6,443,54633,90.32064199447632,29,3805,15,14,2232,1573,0.5172413793103449,0.32107832007852133,42.12768992754392,66.0,583.0,131.20689655172413,112.85767029998905,2.5933989184161463,6.762116719119142,9.059906005859375e-06,45.142587184906006,3.22573721408844,11.605582696008678,3.328213331071653,9.077056332144249,1,spotify4.pcap
6077118490627153,6,443,54037,0.18055200576782227,29,4380,15,14,2265,2115,0.5172413793103449,160.61854243420618,24258.9384779939,66.0,583.0,151.0344827586207,134.01041718608158,2.0085550804951207,3.0550117284508884,3.0994415283203125e-06,0.06577706336975098,0.006448285920279366,0.014302859779422016,2.7948291786671544,8.003827166890366,1,spotify4.pcap
145891490871461,6,443,41994,0.13236403465270996,31,8740,16,15,3218,5522,0.5161290322580645,234.20259197550322,66030.02109244833,66.0,1404.0,281.93548387096774,399.91224323504025,2.017644725306686,2.606404591339336,2.86102294921875e-06,0.026718854904174805,0.004412134488423665,0.008855037480646484,1.8026354766973767,1.4134167373062416,1,spotify4.pcap
3087488512894948,6,443,40837,45.15972900390625,31,7753,16,15,2073,5680,0.5161290322580645,0.6864523034962975,171.67950674215464,66.0,1404.0,250.09677419354838,377.97195277740957,2.4784116589321443,4.5978516393132,1.9073486328125e-06,44.99763584136963,1.5053243001302083,8.076325356519863,5.199457351852238,25.034401737073807,0,sftpDown1.pcap
879856586159026,17,137,137,947.682678937912,168,15726,168,0,15726,0,1.0,0.17727452841945066,16.59416210669215,92.0,110.0,93.60714285714286,5.132802671572921,2.8806317389916867,6.298039215686268,0.0,158.9938099384308,5.674746580466539,19.657209618327926,5.603492267450836,35.3080676270267,0,skype_chat1b.pcap
40519349814734,6,80,5776,0.20089483261108398,3,192,2,1,126,66,0.6666666666666666,14.933186488712506,955.7239352776004,60.0,66.0,64.0,2.8284271247461903,-0.7071067811865475,0.0,4.792213439941406e-05,0.20084691047668457,0.10044741630554199,0.10039949417114258,0.0,0.0,0,skype_audio1b.pcapng
4885750291270171,17,5355,62472,51.70645999908447,4,256,4,0,256,0,1.0,0.07735977284213279,4.951025461896498,64.0,64.0,64.0,0.0,,,0.4106879234313965,50.85631012916565,17.235486666361492,23.77351516181936,0.7071060042946481,0.0,0,skype_audio3.pcapng
3547400514455605,17,137,137,81.00072503089905,9,828,9,0,828,0,1.0,0.11111011656459623,10.222130723942852,92.0,92.0,92.0,0.0,,,0.7434108257293701,60.76129603385925,10.125090628862381,19.7592806278374,2.026393013921467,2.4298911474151357,0,skype_audio3.pcapng
9138957786347940,6,443,38280,59.78462219238281,8,591,3,5,198,393,0.375,0.1338136749322685,9.885485235621337,66.0,129.0,73.875,20.83529157463365,2.267786838055363,3.1428571428571432,6.508827209472656e-05,45.030441999435425,8.540660313197545,15.732368166031373,1.6773332492347883,1.1992792500139098,0,youtube1.pcap
5193428360455077,17,5355,60426,95.36469292640686,4,256,4,0,256,0,1.0,0.0419442445338424,2.6844316501659136,64.0,64.0,64.0,0.0,,,0.4202709197998047,94.52399396896362,31.788230975468952,44.360883435658515,0.7071067811798951,0.0,0,skype_file8.pcapng
5585568004877015,6,80,47948,46.385515213012695,17,2836,10,7,1798,1038,0.5882352941176471,0.36649371947109316,61.13977578941296,54.0,673.0,166.8235294117647,209.89583839556835,1.6472978036276804,1.1366246223429286,7.152557373046875e-06,10.016772031784058,2.8990947008132935,4.3188091012674406,0.9359697830151898,-1.0267936048099395,0,scp1.pcapng
3121440712798720,6,80,34175,95.76838803291321,23,1518,12,11,792,726,0.5217391304347826,0.240162755919996,15.850741890719735,66.0,66.0,66.0,0.0,,,2.6941299438476562e-05,10.026973009109497,4.3531085469506,4.841597120276173,0.267205236157123,-1.879538094587306,0,youtube4.pcap
8277988051469990,6,443,48067,194.9373528957367,14,987,6,8,396,591,0.42857142857142855,0.07181794454492248,5.063165090417034,66.0,129.0,70.5,16.224980739587952,3.3282011773513744,9.076923076923077,4.506111145019531e-05,45.03049898147583,14.995180991979746,20.38632341478716,0.740040726753457,-1.3710514930107813,0,youtubeHTML5_1.pcap
4762916884697275,17,5355,62800,475.05457186698914,4,256,4,0,256,0,1.0,0.008420085263635696,0.5388854568726845,64.0,64.0,64.0,0.0,,,0.4202299118041992,474.2138810157776,158.35152395566305,223.34841459879345,0.7071067811859798,0.0,0,skype_file8.pcapng
8246709140529401,17,5355,50923,187.7820019721985,4,256,4,0,256,0,1.0,0.02130129596015388,1.3632829414498484,64.0,64.0,64.0,0.0,,,0.4114069938659668,186.95722103118896,62.5940006573995,87.93807646016985,0.707106780921221,0.0,0,skype_audio3.pcapng
4762030895548335,17,5355,50050,135.6718590259552,4,256,4,0,256,0,1.0,0.02948290108735641,1.8869056695908102,64.0,64.0,64.0,0.0,,,0.4114348888397217,134.84355401992798,45.22395300865173,63.370627641153995,0.7071067772852793,0.0,0,skype_file8.pcapng
4458865833706699,6,80,1827,0.48777294158935547,1017,1174106,185,832,10437,1163669,0.18190757128810225,2084.986503528087,2407074.89057163,54.0,1404.0,1154.4798426745328,523.1525567903478,-1.624218818450434,0.641818149688532,0.0,0.023840904235839844,0.000480091477942279,0.0023607887207045017,7.853386046280609,65.83162705171986,0,skype_video1b.pcapng
5251698039015752,17,5355,55108,217.68786001205444,4,256,4,0,256,0,1.0,0.018374933722893415,1.1759957582651785,64.0,64.0,64.0,0.0,,,0.4114220142364502,216.8603711128235,72.56262000401814,102.03391833662555,0.7071067800875308,0.0,0,skype_file8.pcapng
1588714114125367,17,18168,61009,179.98621106147766,6,1416,3,3,429,987,0.5,0.033335887036094046,7.867269340518195,143.0,329.0,236.0,93.0,0.0,-2.0,0.0002620220184326172,90.0328848361969,35.99724221229553,44.087109406506265,0.4082493082772547,-1.8333311172234132,0,voipbuster1b.pcapng
7112711127908807,6,443,56400,84.54156303405762,7,396,4,3,216,180,0.5714285714285714,0.08279951007269698,4.6840865698268574,54.0,60.0,56.57142857142857,2.9692299558323607,0.2886751345948149,-1.9166666666666654,2.5033950805664062e-05,45.00097298622131,14.09026050567627,19.93378665894049,0.7281568095879662,-1.4405516443960316,0,skype_audio1a.pcap
3088619277677460,6,443,48565,14.784703016281128,6,459,2,4,132,327,0.3333333333333333,0.40582485785427774,31.045601625852246,66.0,129.0,76.5,23.47871376374779,1.7888543819998317,1.2000000000000002,6.29425048828125e-05,14.732846975326538,2.9569406032562258,5.887964119399278,1.499986073290453,0.24998143102477188,0,youtube1.pcap
2973332395694888,17,137,59168,110.20299005508423,11,1048,11,0,1048,0,1.0,0.09981580349590989,9.50972382397396,92.0,110.0,95.27272727272727,6.942502942558829,1.649915822768614,0.7222222222222294,0.7496871948242188,93.70356488227844,11.020299005508424,27.64952632113482,2.6360461163049496,5.010702789448178,0,skype_file8.pcapng
1111035320500000,17,5355,63146,368.3436989784241,4,256,4,0,256,0,1.0,0.010859422900659697,0.6950030656422206,64.0,64.0,64.0,0.0,,,0.4207909107208252,367.4770679473877,122.78123299280803,173.02608452668804,0.7071067700715041,0.0,0,skype_audio3.pcapng
3646748648505934,17,5355,63746,515.2667169570923,4,256,4,0,256,0,1.0,0.007762969872422579,0.4968300718350451,64.0,64.0,64.0,0.0,,,0.41103410720825195,514.432149887085,171.75557231903076,242.30893180589575,0.7071067797754796,0.0,0,skype_file8.pcapng
4462025560771877,17,137,137,80.99896693229675,9,828,9,0,828,0,1.0,0.11111252823165854,10.222352597312586,92.0,92.0,92.0,0.0,,,0.7430448532104492,60.76106882095337,10.124870866537094,19.759287957495538,2.026389567248281,2.429880251834688,0,skype_file8.pcapng
2114947394725480,6,80,49498,55.612712144851685,15,990,8,7,528,462,0.5333333333333333,0.269722504468587,17.80168529492674,66.0,66.0,66.0,0.0,,,5.507469177246094e-05,10.022525072097778,3.9723365817751204,4.703012637288822,0.4234682347084247,-1.7370674096830505,0,youtube3.pcap
189927979766156,6,443,58049,10.489930868148804,21,6584,12,9,1147,5437,0.5714285714285714,2.0019197708693715,627.6495129239972,54.0,1404.0,313.5238095238095,463.9503892862046,1.7673487156748486,1.4216137767352155,1.9073486328125e-06,10.271107196807861,0.5244965434074402,2.236093051812475,4.129069949929761,15.050479595779066,0,vimeo1.pcap
8473458207329945,17,5355,62101,216.6227991580963,4,256,4,0,256,0,1.0,0.01846527704168714,1.1817777306679769,64.0,64.0,64.0,0.0,,,0.4213869571685791,215.77805399894714,72.20759971936543,101.5196418023151,0.7071067809865952,0.0,0,skype_file8.pcapng
9934893308796003,17,5355,56895,357.8579571247101,4,256,4,0,256,0,1.0,0.011177619277041919,0.7153676337306828,64.0,64.0,64.0,0.0,,,0.41256213188171387,357.030788898468,119.2859857082367,168.11096252974465,0.7071067811081504,0.0,0,skype_file8.pcapng
8785397245878721,17,5355,58167,572.3805899620056,4,256,4,0,256,0,1.0,0.006988357170297333,0.44725485889902933,64.0,64.0,64.0,0.0,,,0.4110128879547119,571.5499610900879,190.7935299873352,269.2354544360534,0.7071067806450566,0.0,0,skype_file8.pcapng
499077858304910,17,5355,55582,592.0518491268158,4,256,4,0,256,0,1.0,0.0067561650316596035,0.4323945620262146,64.0,64.0,64.0,0.0,,,0.4239330291748047,591.1947228908539,197.35061637560526,278.48983847294875,0.7071067806001852,0.0,0,skype_audio3.pcapng
4612498340420590,17,17500,17500,512.3762378692627,36,5256,36,0,5256,0,1.0,0.07026086953155254,10.258086951606671,146.0,146.0,146.0,0.0,,,0.0010907649993896484,30.176147937774658,14.639321081978935,15.062408511377612,0.05716811045508983,-1.996729251833843,0,scp1.pcapng
6771751023971471,6,443,2061,132.03526902198792,23,9328,12,11,1526,7802,0.5217391304347826,0.17419588092155738,70.64779031462118,54.0,1404.0,405.5652173913044,524.5847074704993,1.19373542612574,-0.3533857619372234,9.5367431640625e-07,126.89945483207703,6.001603137363087,26.400682150778604,4.3544437247974725,16.991399304733513,0,skype_audio1b.pcapng
4708150563549260,6,80,2077,111.46587419509888,10,1404,6,4,636,768,0.6,0.08971355647825438,12.595783329546915,54.0,582.0,140.4,171.6083914032178,1.8089297201516776,1.6673506200758927,3.218650817871094e-05,111.2071270942688,12.385097132788765,34.938905286852574,2.474862395834675,4.124967896292881,0,skype_audio1b.pcapng
2188494098070364,17,5355,56868,178.46638989448547,4,256,4,0,256,0,1.0,0.0224131838065695,1.434443763620448,64.0,64.0,64.0,0.0,,,0.410830020904541,177.6414830684662,59.488796631495156,83.54656580550474,0.7071067803856151,0.0,0,skype_file8.pcapng
8405890932402567,6,80,45658,5.5483691692352295,6,412,4,2,272,140,0.6666666666666666,1.0813988429733528,74.25605388417023,66.0,74.0,68.66666666666667,3.7712361663282534,0.7071067811865437,-1.5000000000000033,1.4066696166992188e-05,5.462446928024292,1.109673833847046,2.1764711808025083,1.499708370535433,0.24961116810613682,0,scp1.pcapng
6210328021319683,6,443,16920,3.624044895172119,17,5713,8,9,936,4777,0.47058823529411764,4.690891115241719,1576.4153494927023,54.0,1404.0,336.05882352941177,483.1384493555391,1.5783319415756851,0.6919652973930366,0.0,3.3590569496154785,0.22650280594825745,0.8094099579944388,3.605939235675807,11.026284965633788,0,voipbuster1b.pcapng
2984624840961315,6,80,2096,60.06009793281555,8,1482,5,3,508,974,0.625,0.1331999160066133,24.675284440225113,54.0,848.0,185.25,260.7737285464163,1.9723812883522474,2.258819127647908,7.104873657226562e-05,59.80619692802429,8.580013990402222,20.913105052948033,2.0411991038822968,2.166574245003283,0,skype_audio1b.pcapng
6483605383959476,6,80,2065,14.48507308959961,14,3749,8,6,1292,2457,0.5714285714285714,0.9665122097348687,258.8181624497159,54.0,1371.0,267.7857142857143,385.3508936339577,1.8225894454455847,2.231446406543359,3.4809112548828125e-05,9.238263130187988,1.1142363915076623,2.703847147957636,2.2727298622213885,3.6491413645342963,0,skype_audio1b.pcapng
2895995983757225,6,443,56238,108.56175398826599,24,6841,12,12,2601,4240,0.5,0.2210723308928305,63.014825651577226,54.0,1467.0,285.0416666666667,443.9828712130182,2.0010312233178498,2.362361290746091,5.9604644775390625e-06,107.81863379478455,4.720076260359391,21.98076094602799,4.477165133848636,18.04517057411115,0,skype_audio4.pcapng
7493791529474032,17,137,137,80.99331498146057,9,828,9,0,828,0,1.0,0.11112028198944698,10.223065943029123,92.0,92.0,92.0,0.0,,,0.7372989654541016,60.76111698150635,10.124164372682571,19.75961624447351,2.026378167815243,2.429844288463806,0,skype_audio3.pcapng
8328137289658041,6,35199,44106,2402.5277919769287,236,21331,118,118,7830,13501,0.5,0.0982298730479228,8.87856534739509,66.0,174.0,90.38559322033899,34.51221295848989,0.7818422839293454,-1.311446333284359,1.5020370483398438e-05,119.6580228805542,10.22352251905076,32.882831389924846,2.972219556183835,6.8389427186207,0,skype_audio3.pcapng
1670822237413465,6,443,2094,79.07614088058472,20,6462,10,10,1927,4535,0.5,0.2529207897259757,81.71870716046276,54.0,1266.0,323.1,418.05883557221944,1.283116854754232,0.07251379197118624,9.5367431640625e-07,78.36996603012085,4.161902151609722,17.49109621361235,4.006871004158482,14.055216352035004,0,skype_audio1b.pcapng
8589588670109983,6,443,53719,149.92492985725403,12,855,5,7,330,525,0.4166666666666667,0.08004005745692458,5.702854093805876,66.0,129.0,71.25,17.41228014936585,3.0151134457776365,7.090909090909092,3.814697265625e-05,45.03104496002197,13.629539077932185,19.669597296523932,0.8985963656055983,-1.0830045111892725,0,youtube4.pcap
7761020048562261,17,5355,64909,126.98407506942749,4,256,4,0,256,0,1.0,0.03150001287809541,2.0160008241981062,64.0,64.0,64.0,0.0,,,0.41124892234802246,126.15614795684814,42.328025023142494,59.27543422200346,0.7071067767373744,0.0,0,skype_file8.pcapng
4598724700311405,17,5355,52611,472.989385843277,4,256,4,0,256,0,1.0,0.008456849391807247,0.5412383610756638,64.0,64.0,64.0,0.0,,,0.4109649658203125,472.15521693229675,157.66312861442566,222.37948833521776,0.7071067795801712,0.0,0,skype_file8.pcapng
7199180789164813,17,137,137,1.499769926071167,3,276,3,0,276,0,1.0,2.000306812298118,184.02822673142686,92.0,92.0,92.0,0.0,,0.0,0.7497749328613281,0.7499949932098389,0.7498849630355835,0.0001100301742553711,0.0,0.0,0,skype_audio3.pcapng
5149800991800017,17,53,63953,0.03331899642944336,3,512,2,1,160,352,0.6666666666666666,90.03872629695886,15366.609288014311,80.0,352.0,170.66666666666666,128.2220296551606,0.7071067811865477,0.0,0.013314008712768555,0.020004987716674805,0.01665949821472168,0.003345489501953125,0.0,0.0,0,sftp1.pcapng
561449191078312,6,80,51239,35.238847970962524,11,726,6,5,396,330,0.5454545454545454,0.31215549410310484,20.602262610804917,66.0,66.0,66.0,0.0,,,3.695487976074219e-05,10.026292085647583,3.5238847970962524,4.504489905705447,0.623464551275982,-1.4759799620410547,0,scp1.pcapng
5840960637126605,17,5355,59538,474.2546880245209,4,256,4,0,256,0,1.0,0.008434286683937184,0.5397943477719798,64.0,64.0,64.0,0.0,,,0.42008113861083984,473.41373586654663,158.08489600817362,222.97116096777566,0.7071067811798923,0.0,0,skype_audio3.pcapng
8033611121059869,17,138,138,690.6854329109192,16,3456,16,0,3456,0,1.0,0.02316539373440585,5.003725046631664,216.0,216.0,216.0,0.0,,,1.4992530345916748,240.5863630771637,46.045695527394614,79.42967088567192,1.838624682753109,1.8116645874579511,0,skype_chat1a.pcap
8501512199427326,17,5355,56906,513.0423550605774,4,256,4,0,256,0,1.0,0.007796627238559476,0.4989841432678065,64.0,64.0,64.0,0.0,,,0.41120195388793945,512.2196099758148,171.0141183535258,241.2687169042505,0.7071067811854876,0.0,0,skype_file8.pcapng
334060080195245,6,80,49521,41.311455965042114,13,3815,7,6,1320,2495,0.5384615384615384,0.3146826877997387,92.34726568892331,54.0,1392.0,293.46153846153845,444.14734481399915,1.4999100437352464,0.597523736244661,1.5974044799804688e-05,31.205612897872925,3.442621330420176,8.810867266371396,2.592218753304062,5.259785601269227,0,skype_file7.pcapng
8113502999690302,6,80,56224,0.03203392028808594,4,228,2,2,108,120,0.5,124.86763917832688,7117.455433164632,54.0,60.0,57.0,3.0,0.0,-2.0,1.9073486328125e-05,0.031308889389038086,0.010677973429361979,0.014590955472106629,0.7059316708128857,0.0,0,skype_audio4.pcapng
2726057583205317,17,5355,51024,240.89374089241028,4,256,4,0,256,0,1.0,0.016604831595796874,1.062709222131,64.0,64.0,64.0,0.0,,,0.41480493545532227,240.05856585502625,80.29791363080342,112.96784057738019,0.707106779899505,0.0,0,skype_file8.pcapng
9112600402632409,17,5355,64803,262.9181020259857,4,256,4,0,256,0,1.0,0.015213863059169113,0.9736872357868233,64.0,64.0,64.0,0.0,,,0.4109210968017578,262.09509801864624,87.63936734199524,123.35883017922578,0.7071067811395061,0.0,0,skype_audio3.pcapng
745175017051681,17,5355,53189,447.99662709236145,4,256,4,0,256,0,1.0,0.008928638650610506,0.5714328736390724,64.0,64.0,64.0,0.0,,,0.4125499725341797,447.16611909866333,149.33220903078714,210.60037748787246,0.707106780836837,0.0,0,skype_file8.pcapng
8240093294909226,6,80,59374,120.99756908416748,9,594,5,4,330,264,0.5555555555555556,0.07438165963267811,4.909189535756755,66.0,66.0,66.0,0.0,,,1.0013580322265625e-05,45.03446912765503,15.124696135520935,19.92906893747326,0.634144676116526,-1.4769648774656106,0,skype_audio1a.pcap
7788173062612529,6,5228,60044,405.54219102859497,20,1320,10,10,660,660,0.5,0.04931669365713367,3.254901781370822,66.0,66.0,66.0,0.0,,,0.03788614273071289,45.0181200504303,21.34432584361026,22.458341164751687,0.10540925531910951,-1.9888888808252851,0,vimeo3.pcap
6422814162200784,6,80,34617,11.062379837036133,7,478,4,3,272,206,0.5714285714285714,0.6327752349060057,43.209508897867245,66.0,74.0,68.28571428571429,3.6140316116210056,0.9486832980505079,-1.1000000000000068,5.9604644775390625e-06,5.497202157974243,1.8437299728393555,2.566857230622421,0.706929809961919,-1.4997466323136024,0,scp1.pcapng
2937592936894120,6,443,40476,14.833698034286499,19,4353,10,9,2881,1472,0.5263157894736842,1.2808673842546574,293.4534591400275,66.0,1249.0,229.10526315789474,318.6162342209531,2.0446040027146535,3.216902547160446,1.3113021850585938e-05,9.970471858978271,0.8240943352381388,2.448169383768624,3.0609163619370707,8.131045074718852,0,vimeo4.pcap
6355035395893085,17,5355,57005,376.75431299209595,4,256,4,0,256,0,1.0,0.010616998563952517,0.6794879080929611,64.0,64.0,64.0,0.0,,,0.40951991081237793,375.92659306526184,125.58477099736531,177.01840003427483,0.7071067799114031,0.0,0,skype_audio3.pcapng
4671351514776581,17,5355,57391,95.51373195648193,4,256,4,0,256,0,1.0,0.04187879499695901,2.680242879805377,64.0,64.0,64.0,0.0,,,0.42031407356262207,94.67083597183228,31.837910652160645,44.42958758497424,0.7071067798048098,0.0,0,skype_file8.pcapng
7271562211949645,6,443,2087,132.63152289390564,25,9343,15,10,1994,7349,0.6,0.1884921431536148,70.44328373936892,54.0,1404.0,373.72,483.31550937250097,1.4117675008496435,0.41652791417925306,5.0067901611328125e-06,132.25520992279053,5.526313453912735,26.42481281296481,4.587310734653201,19.043441037465424,0,skype_audio1b.pcapng
8111697474403170,6,80,54852,6.0024871826171875,6,412,4,2,272,140,0.6666666666666666,0.9995856413280831,68.6382140378617,66.0,74.0,68.66666666666667,3.7712361663282534,0.7071067811865437,-1.5000000000000033,1.0967254638671875e-05,5.918759107589722,1.2004974365234375,2.359204999388372,1.499764240439101,0.24968565492182782,0,scp1.pcapng
6353545471741923,17,5355,52658,347.06859397888184,4,256,4,0,256,0,1.0,0.01152509927257604,0.7376063534448666,64.0,64.0,64.0,0.0,,,0.4205489158630371,346.22674012184143,115.68953132629395,163.0144236554428,0.7071067811751405,0.0,0,skype_file8.pcapng
9899192762354154,6,80,58909,5.209449052810669,6,412,4,2,272,140,0.6666666666666666,1.1517532735564047,79.0870581175398,66.0,74.0,68.66666666666667,3.7712361663282534,0.7071067811865437,-1.5000000000000033,3.0994415283203125e-05,5.104918003082275,1.0418898105621337,2.0316485097445613,1.4995038514612598,0.24933845514288588,0,scp1.pcapng
6099358763521571,17,40273,49624,585.6124289035797,58139,8336193,29078,29061,4041576,4294617,0.5001462013450524,99.27897211616816,14235.000127315507,45.0,422.0,143.38383873131633,19.99042679038393,0.6108597143727654,1.9008960275266107,-1.1920928955078125e-06,7.362205982208252,0.010072799699053626,0.035329512021934954,181.03922187323155,35238.88206708291,0,skype_audio2a.pcap
6326706643991953,6,12350,48676,1038.1281199455261,19,2284,10,9,1508,776,0.5263157894736842,0.018302172569024517,2.2001137972448417,66.0,364.0,120.21052631578948,99.94660624414915,1.7586232671890716,1.3599762476880963,9.059906005859375e-06,540.0968849658966,57.67378444141812,140.02511096997912,2.4863813940543227,5.217890198086909,0,skype_video2a.pcap
3020338470297340,6,33355,44106,2058.1064620018005,536,56281,263,273,26726,29555,0.4906716417910448,0.26043356351870345,27.346010052977892,66.0,1090.0,105.0018656716418,84.14811255913907,5.715325419675002,46.650200792182844,5.0067901611328125e-06,119.0267550945282,3.8469279663585056,16.837039495268897,5.34707854063885,29.667883110092312,0,skype_file8.pcapng
3412005604807571,6,49624,55685,23.443590879440308,89,7874,48,41,4298,3576,0.5393258426966292,3.7963467481447872,335.8700482572141,54.0,931.0,88.47191011235955,117.74215686445125,6.224162178554812,38.50478048730021,1.6927719116210938e-05,7.910337924957275,0.26640444181182166,0.8464055075105859,8.38760465660506,72.62166920040417,0,skype_audio2b.pcapng
7582101465130768,17,443,54468,0.10753798484802246,16,11027,8,8,5587,5440,0.5,148.7846366343197,102540.51176041522,70.0,1392.0,689.1875,596.4751900487983,0.14742178694744318,-1.7914546661869128,6.9141387939453125e-06,0.02811288833618164,0.007169198989868164,0.010908643343846475,1.0967496788470603,-0.6420706440587209,0,skype_audio1a.pcap
2641765745190544,6,80,2158,7.668932914733887,11,1645,6,5,704,941,0.5454545454545454,1.4343586157686061,214.50181117630518,54.0,689.0,149.54545454545453,197.75805403038407,1.977937449059637,2.3413437263472225,1.9073486328125e-05,6.000002145767212,0.7668932914733887,1.7878519604526824,2.455451751157179,4.364464511712796,0,skype_audio1b.pcapng
6784821229252720,6,443,2175,104.33842897415161,18,5568,10,8,1101,4467,0.5555555555555556,0.17251553600121053,53.36480580304112,54.0,1404.0,309.3333333333333,473.7312881089166,1.6888079456884015,1.0368527616802998,0.0,84.18935704231262,6.13755464553833,20.064634190571677,3.456605344777866,10.490415062829873,0,skype_audio2b.pcapng
158675602736979,6,80,1807,0.18395113945007324,214,206836,64,150,4156,202680,0.29906542056074764,1163.35240238119,1124407.2780323168,54.0,1404.0,966.5233644859813,620.6605743234553,-0.7627043852824488,-1.385181271075004,0.0,0.024554014205932617,0.0008636203730050387,0.0036282987751572273,5.551672320677418,30.530156052436688,0,skype_video1b.pcapng
1781209842786952,17,5355,64638,260.3883888721466,6,384,6,0,384,0,1.0,0.023042502109977193,1.4747201350385404,64.0,64.0,64.0,0.0,,,0.41081690788269043,208.91443705558777,52.07767777442932,80.7582205498771,1.3077998347469861,-0.05453317998071938,0,skype_audio3.pcapng
5628969217539767,6,80,57388,0.158034086227417,11,2728,5,6,2108,620,0.45454545454545453,69.60523683587215,17262.09873529629,66.0,1836.0,248.0,505.90333248376794,2.7746183265505793,5.838701722163403,5.0067901611328125e-06,0.052536964416503906,0.0158034086227417,0.023515373245185964,0.8721120646456503,-1.2340786169449562,0,scp1.pcapng
6089733821627622,6,80,59632,6.086092948913574,7,478,4,3,272,206,0.5714285714285714,1.1501631767305767,78.53971406817367,66.0,74.0,68.28571428571429,3.6140316116210056,0.9486832980505079,-1.1000000000000068,9.059906005859375e-06,5.980518102645874,1.014348824818929,2.221065022118394,1.7883961459291517,1.1991782173649188,0,scp1.pcapng
2874753031780996,6,80,1719,1.859894037246704,435,400554,147,288,9671,390883,0.33793103448275863,233.88429194813307,215363.8820160747,54.0,1404.0,920.8137931034482,639.5621093871754,-0.5797676911495172,-1.6487968449742014,0.0,0.5321240425109863,0.004285470131904849,0.03368394154568169,11.636093906461616,154.94937612894046,0,skype_video1b.pcapng
1006574857515245,17,5353,5353,63.88127398490906,8,688,8,0,688,0,1.0,0.1252323177194286,10.76997932387086,86.0,86.0,86.0,0.0,,,0.9999611377716064,36.36123204231262,9.125896283558436,11.55026956028892,1.747081682962947,1.4946243410123996,0,skype_chat1a.pcap
701247532788788,17,5355,50799,530.4290728569031,4,256,4,0,256,0,1.0,0.007541064780736676,0.48262814596714726,64.0,64.0,64.0,0.0,,,0.4114060401916504,529.6047229766846,176.80969095230103,249.46375951415678,0.7071067811663949,0.0,0,skype_audio3.pcapng
2359670916889264,17,80,17617,6.9981689453125,100,21400,50,50,10700,10700,0.5,14.289452109752482,3057.942751487031,214.0,214.0,214.0,0.0,,,0.000102996826171875,0.1395721435546875,0.07068857520517677,0.06508766418439646,-0.021316806670247213,-1.9878634869343559,0,voipbuster3b.pcapng
4256581664017346,17,137,137,923.9727599620819,88,8096,88,0,8096,0,1.0,0.09524090299329967,8.762163075383569,92.0,92.0,92.0,0.0,,,0.20399713516235352,98.43286395072937,10.620376551288297,21.050266691931075,2.6415344613717116,6.949279212122921,0,skype_chat1b.pcap
3249213016377432,17,5355,52776,450.3971118927002,4,256,4,0,256,0,1.0,0.008881051619516012,0.5683873036490248,64.0,64.0,64.0,0.0,,,0.4204559326171875,449.55578899383545,150.13237063090006,211.72432957055474,0.7071067811845491,0.0,0,skype_audio3.pcapng
5455830666688859,17,5355,53323,2.6183619499206543,4,256,4,0,256,0,1.0,1.527672673413702,97.77105109847693,64.0,64.0,64.0,0.0,,,0.4200310707092285,1.7776858806610107,0.8727873166402181,0.639859959992298,0.7071062929716512,0.0,0,skype_audio3.pcapng
6856882678537680,17,5355,62115,142.1787838935852,4,256,4,0,256,0,1.0,0.028133592723607978,1.8005499343109106,64.0,64.0,64.0,0.0,,,0.4112548828125,141.3171660900116,47.392927964528404,66.41446761536731,0.7071065972987463,0.0,0,skype_audio3.pcapng
2803139547538776,17,5355,50336,396.5226671695709,4,256,4,0,256,0,1.0,0.01008769568850252,0.6456125240641613,64.0,64.0,64.0,0.0,,,0.41232800483703613,395.68970012664795,132.17422238985696,186.333581286189,0.7071067801314953,0.0,0,skype_audio3.pcapng
8646398457147223,6,80,55113,5.1951611042022705,10,1752,5,5,965,787,0.5,1.9248681223593207,337.236895037353,54.0,729.0,175.2,234.60255753081637,1.6109159865457907,0.7701900774627579,8.821487426757812e-06,4.999945878982544,0.5772401226891412,1.56394132514896,2.4731766025275674,4.1201845142699405,0,scp1.pcapng
6434846017837657,17,5355,54561,64.43509197235107,4,256,4,0,256,0,1.0,0.06207797455641701,3.9729903716106887,64.0,64.0,64.0,0.0,,,0.41046881675720215,63.576080083847046,21.47836399078369,29.767584580113844,0.7071059135819355,0.0,0,skype_file8.pcapng
379185303544350,6,80,34796,11.058500051498413,7,478,4,3,272,206,0.5714285714285714,0.632997238992779,43.224668605506906,66.0,74.0,68.28571428571429,3.6140316116210056,0.9486832980505079,-1.1000000000000068,5.9604644775390625e-06,5.667190074920654,1.843083341916402,2.5683684048711632,0.7129817574330742,-1.4826393015406978,0,scp1.pcapng
6464706075957518,17,5355,64948,211.1646008491516,4,256,4,0,256,0,1.0,0.01894256889608811,1.212324409349639,64.0,64.0,64.0,0.0,,,0.41196703910827637,210.335373878479,70.38820028305054,98.95759548080993,0.707106779669378,0.0,0,skype_file8.pcapng
1172070219563926,6,443,59089,7.790550947189331,4,264,2,2,132,132,0.5,0.5134425058144465,33.88720538375347,66.0,66.0,66.0,0.0,,,0.03716683387756348,7.681645154953003,2.596850315729777,3.59552061373511,0.7070577500401812,0.0,0,vimeo3.pcap
8941634830467257,17,5355,49168,173.50090789794922,4,256,4,0,256,0,1.0,0.02305463440198678,1.475496601727154,64.0,64.0,64.0,0.0,,,0.41118597984313965,172.67300009727478,57.83363596598307,81.20369315583679,0.7071067787218599,0.0,0,skype_file8.pcapng
8600988138162619,17,5355,55648,377.8906719684601,4,256,4,0,256,0,1.0,0.010585072076967945,0.6774446129259485,64.0,64.0,64.0,0.0,,,0.40881896018981934,377.06128191947937,125.96355732282002,177.5529038676322,0.7071067788631489,0.0,0,skype_audio3.pcapng
4104259547771723,17,32412,61658,544.9937219619751,110,6930,110,0,6930,0,1.0,0.20183718741566503,12.715742807186896,63.0,63.0,63.0,0.0,,,4.985777139663696,5.013646125793457,4.999942403320873,0.004125912936864858,0.16847239581376824,3.7904621842612576,0,scp1.pcapng
9063006473188718,17,137,137,1.4933860301971436,3,276,3,0,276,0,1.0,2.008857682701081,184.81490680849942,92.0,92.0,92.0,0.0,,0.0,0.7433969974517822,0.7499890327453613,0.7466930150985718,0.0032960176467895508,0.0,0.0,0,scp1.pcapng
5642237201312678,6,80,55906,5.698215961456299,6,356,4,2,236,120,0.6666666666666666,1.0529611444327522,62.475694569676634,54.0,74.0,59.333333333333336,7.086763875156433,1.2645619460837902,0.21802803665126325,8.106231689453125e-06,5.57415509223938,1.1396431922912598,2.2174293426639915,1.4994135900854082,0.24921814978624024,0,scp1.pcapng
758973392979655,17,5355,50587,438.3335061073303,4,256,4,0,256,0,1.0,0.009125471688264141,0.584030188048905,64.0,64.0,64.0,0.0,,,0.40738511085510254,437.51627707481384,146.11116870244345,206.05452820494892,0.7071067811110323,0.0,0,skype_file8.pcapng
6655317171454626,17,137,137,1.4919908046722412,3,276,3,0,276,0,1.0,2.0107362529349078,184.9877352700115,92.0,92.0,92.0,0.0,,0.0,0.7428858280181885,0.7491049766540527,0.7459954023361206,0.003109574317932129,0.0,0.0,0,skype_chat1a.pcap
4556650228527277,17,5355,57261,541.0349810123444,4,256,4,0,256,0,1.0,0.007393237295887038,0.47316718693677046,64.0,64.0,64.0,0.0,,,0.4107370376586914,540.2111051082611,180.34499367078146,254.46376771856484,0.7071067811392997,0.0,0,skype_file8.pcapng
1901766882899337,17,5355,58788,309.50634503364563,4,256,4,0,256,0,1.0,0.012923806132521032,0.827123592481346,64.0,64.0,64.0,0.0,,,0.4111909866333008,308.64468693733215,103.16878167788188,145.29340686417123,0.7071067424329812,0.0,0,skype_file8.pcapng
347930083190466,17,5355,65343,284.82941603660583,4,256,4,0,256,0,1.0,0.014043493314910727,0.8987835721542865,64.0,64.0,64.0,0.0,,,0.4203519821166992,283.98772501945496,94.9431386788686,133.67470894864175,0.7071067811576325,0.0,0,skype_file8.pcapng
3372518192854153,17,5355,55092,106.3111310005188,4,256,4,0,256,0,1.0,0.03762541102098218,2.4080263053428594,64.0,64.0,64.0,0.0,,,0.41097497940063477,105.48739314079285,35.4370436668396,49.53307714289771,0.707106780495604,0.0,0,skype_audio3.pcapng
3597892947428892,17,32414,61662,2469.941507101059,495,31185,495,0,31185,0,1.0,0.20040960426669197,12.625805068801595,63.0,63.0,63.0,0.0,,,4.9986090660095215,5.001008033752441,4.999881593321982,0.000491799482396785,-0.06663463219491193,-0.47246234680634425,0,skype_audio3.pcapng
56504454173960,17,137,137,81.01710295677185,9,828,9,0,828,0,1.0,0.11108765521771513,10.220064280029792,92.0,92.0,92.0,0.0,,,0.7491190433502197,60.759454011917114,10.127137869596481,19.7575633213414,2.0264602081630705,2.4301036749167615,0,skype_file8.pcapng
2622203207467310,6,80,39573,9.121505975723267,10,1672,5,5,1064,608,0.5,1.0963101955548602,183.30306469677262,66.0,792.0,167.2,223.08957842086662,2.169500873880437,3.2167104965455273,1.2874603271484375e-05,4.5189759731292725,1.0135006639692519,1.7804553581496176,1.3399921232063923,-0.18409161921817585,0,scp1.pcapng
3229900409885269,6,80,40231,35.232218980789185,11,726,6,5,396,330,0.5454545454545454,0.31221422658612247,20.606138954684084,66.0,66.0,66.0,0.0,,,1.811981201171875e-05,10.023221969604492,3.5232218980789183,4.501225264705649,0.6242719546821697,-1.4748965503351485,0,scp1.pcapng
8101902445240582,6,22,42135,0.0013010501861572266,5,343,3,2,217,126,0.6,3843.049294484149,263633.1816016126,54.0,97.0,68.6,14.880860190190619,1.160649271401496,-0.13866397870794023,6.604194641113281e-05,0.0007250308990478516,0.00032526254653930664,0.0002581816384332381,0.5738830348702932,-1.2316783953911565,0,sftp_down_3a.pcap
9631762825882254,6,80,5737,0.054801225662231445,3,168,2,1,108,60,0.6666666666666666,54.74330115334583,3065.6248645873666,54.0,60.0,56.0,2.8284271247461903,0.7071067811865475,0.0,3.314018249511719e-05,0.05476808547973633,0.027400612831115723,0.027367472648620605,0.0,0.0,0,skype_chat1a.pcap
114955159182798,17,17500,17500,4027.7657849788666,135,21195,135,0,21195,0,1.0,0.03351734117794745,5.262222564937749,157.0,157.0,157.0,0.0,,,30.014719009399414,30.093260049819946,30.05795361924527,0.016028718785271637,-0.18874429115273825,0.014538033014681151,0,skype_file8.pcapng
2914587963977100,17,5355,51050,125.27912187576294,4,256,4,0,256,0,1.0,0.03192870400198629,2.0434370561271225,64.0,64.0,64.0,0.0,,,0.42087507247924805,124.43612289428711,41.75970729192098,58.46105411885349,0.7071067809445422,0.0,0,skype_file8.pcapng
7409319731577006,6,80,44179,0.21883797645568848,8,1658,4,4,967,691,0.5,36.55672625733625,7576.381516832938,54.0,785.0,207.25,262.3198191139968,1.3883087318556278,0.22160383464121836,1.0013580322265625e-05,0.09269404411315918,0.031262568065098355,0.03388257789412403,0.6090433927587162,-1.0823186876941662,0,scp1.pcapng
4966321807509306,17,5355,50635,600.0388791561127,4,256,4,0,256,0,1.0,0.006666234704033764,0.42663902105816087,64.0,64.0,64.0,0.0,,,0.4100520610809326,599.2150430679321,200.01295971870422,282.27850020414803,0.7071067810938506,0.0,0,skype_file8.pcapng
1507019223713611,6,80,1862,15.60341215133667,5,300,3,2,174,126,0.6,0.3204427308274155,19.226563849644926,54.0,66.0,60.0,5.366563145999495,0.0,-1.7500000000000002,5.507469177246094e-05,15.521667957305908,3.9008530378341675,6.709363273483305,1.1546152921675576,-0.6667325958782522,0,skype_video1b.pcapng
5715415002920044,17,137,137,1.4887750148773193,3,276,3,0,276,0,1.0,2.015079491542388,185.38731322189972,92.0,92.0,92.0,0.0,,0.0,0.7388341426849365,0.7499408721923828,0.7443875074386597,0.0055533647537231445,0.0,0.0,0,skype_file8.pcapng
5065603214709138,17,5355,59491,225.8842101097107,4,256,4,0,256,0,1.0,0.01770818773944944,1.1333240153247641,64.0,64.0,64.0,0.0,,,0.4209110736846924,225.04227113723755,75.2947367032369,105.88749706425864,0.7071067811859021,0.0,0,skype_chat1b.pcap
5642772091207621,6,443,1931,142.81883597373962,22,7151,11,11,1962,5189,0.5,0.1540413058964098,50.07042629387393,54.0,1404.0,325.04545454545456,477.5319577380733,1.6399154864248235,0.8749445291208549,9.5367431640625e-07,142.3928439617157,6.800896951130459,30.319329035441122,4.248506894311029,16.049880384913546,0,skype_video2b.pcapng
7045455302717096,17,5355,65082,346.4148361682892,4,256,4,0,256,0,1.0,0.01154684956407811,0.7389983721009991,64.0,64.0,64.0,0.0,,,0.419633150100708,345.57478189468384,115.47161205609639,162.70751176570306,0.7071067811741094,0.0,0,skype_audio3.pcapng
296883140373561,17,16001,61009,183.20985794067383,42,9267,21,21,3435,5832,0.5,0.22924530629569204,50.58133936767091,116.0,399.0,220.64285714285714,115.52526448657834,0.8017994942406722,-1.1732710957137589,0.00011396408081054688,27.416146993637085,4.468533120504239,6.449842232808593,1.4442075424671088,1.8272670616793656,0,voipbuster1b.pcapng
9687288946571754,17,5355,51717,170.70934295654297,4,256,4,0,256,0,1.0,0.023431640768591496,1.4996250091898558,64.0,64.0,64.0,0.0,,,0.41196489334106445,169.8516640663147,56.903114318847656,79.8666866400609,0.7071066864888527,0.0,0,skype_audio3.pcapng
5562067930597507,6,21,49927,133.056067943573,131,13031,54,77,4761,8270,0.4122137404580153,0.9845473567996542,97.93615730119309,54.0,1157.0,99.47328244274809,102.26326810604765,8.589466979414976,84.64318899852374,9.5367431640625e-07,28.441667079925537,1.0235082149505614,3.936545707331946,4.844895911354206,25.3086229150112,0,sftp1.pcapng
898058990476366,17,5355,57845,198.95442008972168,4,256,4,0,256,0,1.0,0.020105107482387856,1.2867268788728228,64.0,64.0,64.0,0.0,,,0.4104321002960205,198.12286686897278,66.31814002990723,93.20001624250324,0.7071067742108108,0.0,0,skype_file8.pcapng
372652792226131,6,22,41796,7.840354919433594,6304,65591354,2601,3703,65288691,302663,0.4125951776649746,804.0452332552588,8365865.40711584,66.0,65226.0,10404.719860406092,16755.683992248963,1.800966952505119,2.6531948632482427,-1.0967254638671875e-05,6.306002855300903,0.0012439084435084235,0.07942505225938756,79.35710620808251,6296.362539514925,0,scp1.pcapng
2790501893087731,6,80,38229,5.286773920059204,6,412,4,2,272,140,0.6666666666666666,1.134907618658452,77.93032314788036,66.0,74.0,68.66666666666667,3.7712361663282534,0.7071067811865437,-1.5000000000000033,1.5020370483398438e-05,5.226550102233887,1.057354784011841,2.0846410429879976,1.4998439200437819,0.24979189512858335,0,scp1.pcapng
5502797330476283,6,80,54619,5.20147705078125,10,1752,5,5,965,787,0.5,1.9225308316025393,336.82740169676487,54.0,729.0,175.2,234.60255753081637,1.6109159865457907,0.7701900774627579,4.0531158447265625e-06,5.000353097915649,0.57794189453125,1.5638580098881483,2.4730500936463815,4.119824033288469,0,scp1.pcapng
4580891480244888,6,80,1923,483.31890296936035,19,4919,14,5,2176,2743,0.7368421052631579,0.03931151850935259,10.17754523934239,54.0,1404.0,258.89473684210526,462.1955492665121,1.9136353620748088,1.7327720739803336,5.0067901611328125e-06,453.8144679069519,26.851050164964462,103.60046819397084,3.874730343991715,13.030202800243892,0,skype_video2b.pcapng
6105831177680476,6,80,49878,5.585712909698486,6,412,4,2,272,140,0.6666666666666666,1.0741690625707214,73.75960896318954,66.0,74.0,68.66666666666667,3.7712361663282534,0.7071067811865437,-1.5000000000000033,9.775161743164062e-06,5.541362047195435,1.1171425819396972,2.2121318722425767,1.4999249389167872,0.2498999189038047,0,scp1.pcapng
4106264466738596,17,5355,55441,525.1485080718994,4,256,4,0,256,0,1.0,0.007616893009343463,0.48748115259798164,64.0,64.0,64.0,0.0,,,0.4107201099395752,524.3255259990692,175.04950269063315,246.97544458806792,0.707106781165878,0.0,0,skype_file8.pcapng
5378451160121468,6,80,51148,74.95828795433044,19,1254,10,9,660,594,0.5263157894736842,0.2534743057575709,16.72930417999968,66.0,66.0,66.0,0.0,,,4.291534423828125e-05,10.011010885238647,4.164349330796136,4.7702676082714675,0.35472564750374574,-1.8127012650709675,0,youtube4.pcap
9917531920722723,17,5355,63918,370.31013894081116,4,256,4,0,256,0,1.0,0.010801756634158331,0.6913124245861332,64.0,64.0,64.0,0.0,,,0.4193270206451416,369.44820404052734,123.43671298027039,173.95639383816425,0.7071067716878628,0.0,0,skype_file8.pcapng
7192184659469049,6,80,11396,11.082926034927368,18,5623,10,8,3855,1768,0.5555555555555556,1.6241198347145662,507.35699058888923,54.0,1404.0,312.3888888888889,438.6048764598052,1.6609058826902316,1.4066616052180692,1.2874603271484375e-05,9.981735944747925,0.6519368255839628,2.340428153260945,3.708743306154445,11.859327085833266,0,skype_chat1b.pcap
60660371921480,6,443,59153,18.4549560546875,12,1505,7,5,1034,471,0.5833333333333334,0.6502318382357805,81.5499097120708,66.0,583.0,125.41666666666667,142.8725879547539,2.6992850981605163,5.794179729241893,2.86102294921875e-06,18.360579013824463,1.6777232776988635,5.275604278100737,2.8460062748502715,6.099852626928865,0,youtubeHTML5_1.pcap
9837377660691513,6,80,1761,0.11766409873962402,35,28905,10,25,1191,27714,0.2857142857142857,297.4569165523516,245656.91922702064,54.0,1404.0,825.8571428571429,629.6569198656471,-0.27766877824007197,-1.8177662840736126,0.0,0.0243070125579834,0.00346070878645953,0.007350428090213472,2.0916301771339993,2.712908222510695,0,skype_video1b.pcapng
8611355018146055,17,5355,51805,260.36416697502136,4,256,4,0,256,0,1.0,0.015363097182200764,0.9832382196608489,64.0,64.0,64.0,0.0,,,0.4117889404296875,259.5401051044464,86.78805565834045,122.15414562737509,0.7071067811782223,0.0,0,skype_file8.pcapng
